kpi_date,store_id,category_id,channel,qty_sold,revenue,tx_count,avg_price,unique_isbn_count,top_isbn,synced_from_bq_at
2026-04-08,1,0,ALL,285,4199570,69,14845,88,9788998441029,2026-05-08T13:59:42+09:00
2026-04-08,2,0,ALL,251,5302961,102,21247,117,9791124516034,2026-05-08T13:59:42+09:00
2026-04-08,3,0,ALL,327,7145867,77,21907,65,9788954473606,2026-05-08T13:59:42+09:00
2026-04-08,4,0,ALL,289,3840502,72,13305,77,9791193869406,2026-05-08T13:59:42+09:00
2026-04-08,5,0,ALL,116,2058555,103,17526,53,9788957695111,2026-05-08T13:59:42+09:00
2026-04-08,6,0,ALL,231,4404348,83,19138,59,9791112180483,2026-05-08T13:59:42+09:00
2026-04-08,7,0,ALL,206,3269052,99,15991,68,9791160643886,2026-05-08T13:59:42+09:00
2026-04-08,8,0,ALL,126,1807180,101,14583,45,9791158513450,2026-05-08T13:59:42+09:00
2026-04-08,9,0,ALL,227,4021049,103,17512,99,9791168343726,2026-05-08T13:59:42+09:00
2026-04-08,10,0,ALL,238,3894947,145,16508,77,9791164455300,2026-05-08T13:59:42+09:00
2026-04-08,11,0,ALL,339,5349372,158,15724,120,9791112182135,2026-05-08T13:59:42+09:00
2026-04-08,12,0,ALL,304,5952931,110,19533,28,9788968445798,2026-05-08T13:59:42+09:00
2026-04-08,13,0,ALL,146,2297572,95,15607,54,9791194853589,2026-05-08T13:59:42+09:00
2026-04-08,14,0,ALL,153,2220680,102,14576,62,9791156337560,2026-05-08T13:59:42+09:00
2026-04-08,0,0,ALL,3238,55764586,1419,17221,1000,9791140718481,2026-05-08T13:59:42+09:00
2026-04-09,1,0,ALL,223,4635373,143,20693,57,9791139731651,2026-05-08T13:59:42+09:00
2026-04-09,2,0,ALL,182,3334555,90,18311,107,9791143025630,2026-05-08T13:59:42+09:00
2026-04-09,3,0,ALL,202,2742765,114,13814,119,9791190738569,2026-05-08T13:59:42+09:00
2026-04-09,4,0,ALL,340,5123565,135,15005,99,9791174171238,2026-05-08T13:59:42+09:00
2026-04-09,5,0,ALL,283,3976156,122,13890,85,9788937462672,2026-05-08T13:59:42+09:00
2026-04-09,6,0,ALL,191,3598346,142,18906,103,9791112187017,2026-05-08T13:59:42+09:00
2026-04-09,7,0,ALL,303,6565215,138,21657,21,9788937464898,2026-05-08T13:59:42+09:00
2026-04-09,8,0,ALL,132,2418830,40,18610,40,9788936438029,2026-05-08T13:59:42+09:00
2026-04-09,9,0,ALL,253,3543894,156,13873,22,9788979294859,2026-05-08T13:59:42+09:00
2026-04-09,10,0,ALL,226,4704851,117,20605,21,9791124516157,2026-05-08T13:59:42+09:00
2026-04-09,11,0,ALL,255,4321292,131,16979,42,9791173579950,2026-05-08T13:59:42+09:00
2026-04-09,12,0,ALL,80,1239564,150,14977,63,9791175790384,2026-05-08T13:59:42+09:00
2026-04-09,13,0,ALL,309,5420950,148,17563,51,9788932476049,2026-05-08T13:59:42+09:00
2026-04-09,14,0,ALL,198,4329709,179,21872,28,9791197437311,2026-05-08T13:59:42+09:00
2026-04-09,0,0,ALL,3177,55955065,1805,17612,858,9791161759524,2026-05-08T13:59:42+09:00
2026-04-10,1,0,ALL,268,5638295,74,21210,39,9791173578410,2026-05-08T13:59:42+09:00
2026-04-10,2,0,ALL,366,6736587,99,18452,32,9791199649415,2026-05-08T13:59:42+09:00
2026-04-10,3,0,ALL,111,2229140,153,20390,53,9791199836549,2026-05-08T13:59:42+09:00
2026-04-10,4,0,ALL,80,1303097,83,16003,39,9791173577925,2026-05-08T13:59:42+09:00
2026-04-10,5,0,ALL,145,2380559,63,16462,54,9791141615239,2026-05-08T13:59:42+09:00
2026-04-10,6,0,ALL,151,3329665,109,21787,55,9788937460432,2026-05-08T13:59:42+09:00
2026-04-10,7,0,ALL,251,3910820,69,15390,62,9788936411725,2026-05-08T13:59:42+09:00
2026-04-10,8,0,ALL,211,2725670,127,13038,40,9791175487802,2026-05-08T13:59:42+09:00
2026-04-10,9,0,ALL,361,5510560,175,15152,104,9791112185808,2026-05-08T13:59:42+09:00
2026-04-10,10,0,ALL,88,1308485,101,15135,94,9791167073006,2026-05-08T13:59:42+09:00
2026-04-10,11,0,ALL,87,1239102,106,13828,69,9791175240490,2026-05-08T13:59:42+09:00
2026-04-10,12,0,ALL,283,5405376,73,19136,60,9788931510928,2026-05-08T13:59:42+09:00
2026-04-10,13,0,ALL,120,1950533,140,16096,21,9791124468128,2026-05-08T13:59:42+09:00
2026-04-10,14,0,ALL,293,4580712,52,15776,93,9791199836532,2026-05-08T13:59:42+09:00
2026-04-10,0,0,ALL,2815,48248601,1424,17139,815,9788998378783,2026-05-08T13:59:42+09:00
2026-04-11,1,0,ALL,356,6215588,157,17450,78,9791189203740,2026-05-08T13:59:42+09:00
2026-04-11,2,0,ALL,157,2152267,49,13619,38,9791194148555,2026-05-08T13:59:42+09:00
2026-04-11,3,0,ALL,129,2072828,141,16364,92,9788966552009,2026-05-08T13:59:42+09:00
2026-04-11,4,0,ALL,92,1696508,101,18644,20,9791167641007,2026-05-08T13:59:42+09:00
2026-04-11,5,0,ALL,85,1584810,119,19038,67,9791194383796,2026-05-08T13:59:42+09:00
2026-04-11,6,0,ALL,222,3426465,107,15444,91,9791194634874,2026-05-08T13:59:42+09:00
2026-04-11,7,0,ALL,169,2677818,113,15580,38,9771739284009,2026-05-08T13:59:42+09:00
2026-04-11,8,0,ALL,172,2455756,146,14564,84,9791194812104,2026-05-08T13:59:42+09:00
2026-04-11,9,0,ALL,117,2257047,167,19302,88,9791130674995,2026-05-08T13:59:42+09:00
2026-04-11,10,0,ALL,340,6253528,46,18506,26,9788979294859,2026-05-08T13:59:42+09:00
2026-04-11,11,0,ALL,152,2555719,78,16933,54,9791163038344,2026-05-08T13:59:42+09:00
2026-04-11,12,0,ALL,273,3560269,132,13153,100,9791194687467,2026-05-08T13:59:42+09:00
2026-04-11,13,0,ALL,166,2681945,82,16372,111,9788961555944,2026-05-08T13:59:42+09:00
2026-04-11,14,0,ALL,165,2379066,134,14218,44,9791124128749,2026-05-08T13:59:42+09:00
2026-04-11,0,0,ALL,2595,41969614,1572,16173,931,9791168231283,2026-05-08T13:59:42+09:00
2026-04-12,1,0,ALL,166,2682006,122,15860,54,9791124070888,2026-05-08T13:59:42+09:00
2026-04-12,2,0,ALL,202,2634801,50,13153,111,9791175140165,2026-05-08T13:59:42+09:00
2026-04-12,3,0,ALL,204,3669884,116,17919,70,9791196834005,2026-05-08T13:59:42+09:00
2026-04-12,4,0,ALL,118,2420927,123,20159,87,9791194084327,2026-05-08T13:59:42+09:00
2026-04-12,5,0,ALL,162,3485418,128,21627,103,9788901285894,2026-05-08T13:59:42+09:00
2026-04-12,6,0,ALL,252,4125613,144,16446,35,9791112180667,2026-05-08T13:59:42+09:00
2026-04-12,7,0,ALL,373,5363960,42,14299,112,9788970577166,2026-05-08T13:59:42+09:00
2026-04-12,8,0,ALL,115,2448970,120,20948,45,9791189198862,2026-05-08T13:59:42+09:00
2026-04-12,9,0,ALL,153,2915104,137,18939,117,9791124128749,2026-05-08T13:59:42+09:00
2026-04-12,10,0,ALL,285,4828675,91,17019,112,9791175484290,2026-05-08T13:59:42+09:00
2026-04-12,11,0,ALL,93,1802757,40,19060,21,9791112157096,2026-05-08T13:59:42+09:00
2026-04-12,12,0,ALL,82,1378294,168,17041,21,9788947502658,2026-05-08T13:59:42+09:00
2026-04-12,13,0,ALL,243,4654633,123,19249,101,9791188110025,2026-05-08T13:59:42+09:00
2026-04-12,14,0,ALL,148,2167321,67,14416,30,9791124255001,2026-05-08T13:59:42+09:00
2026-04-12,0,0,ALL,2596,44578363,1471,17171,1000,9791194591627,2026-05-08T13:59:42+09:00
2026-04-13,1,0,ALL,110,2304197,124,21244,24,9791139729719,2026-05-08T13:59:42+09:00
2026-04-13,2,0,ALL,299,5340879,169,17890,23,9791173325847,2026-05-08T13:59:42+09:00
2026-04-13,3,0,ALL,279,4163495,62,14749,52,9791157848676,2026-05-08T13:59:42+09:00
2026-04-13,4,0,ALL,279,5641627,149,20292,67,9791124128565,2026-05-08T13:59:42+09:00
2026-04-13,5,0,ALL,347,4652309,164,13309,77,9791143021212,2026-05-08T13:59:42+09:00
2026-04-13,6,0,ALL,362,7956383,51,21844,45,9791194853589,2026-05-08T13:59:42+09:00
2026-04-13,7,0,ALL,174,3255980,58,18936,23,9791192624419,2026-05-08T13:59:42+09:00
2026-04-13,8,0,ALL,102,1801818,63,17836,71,9791194630692,2026-05-08T13:59:42+09:00
2026-04-13,9,0,ALL,171,2190127,45,13024,57,9791139731644,2026-05-08T13:59:42+09:00
2026-04-13,10,0,ALL,295,4886587,168,16715,59,9791112184764,2026-05-08T13:59:42+09:00
2026-04-13,11,0,ALL,349,5790464,166,16724,106,9791173743900,2026-05-08T13:59:42+09:00
2026-04-13,12,0,ALL,249,3874096,66,15614,109,9791155818541,2026-05-08T13:59:42+09:00
2026-04-13,13,0,ALL,118,2410693,121,20009,32,9791139729764,2026-05-08T13:59:42+09:00
2026-04-13,14,0,ALL,171,3549920,163,20748,95,9791112181602,2026-05-08T13:59:42+09:00
2026-04-13,0,0,ALL,3305,57818575,1569,17494,840,9791190669757,2026-05-08T13:59:42+09:00
2026-04-14,1,0,ALL,272,5327807,135,19628,36,9788931021516,2026-05-08T13:59:42+09:00
2026-04-14,2,0,ALL,80,1591130,128,20504,59,9791169087247,2026-05-08T13:59:42+09:00
2026-04-14,3,0,ALL,201,4032643,121,19824,83,9791156337560,2026-05-08T13:59:42+09:00
2026-04-14,4,0,ALL,258,4570167,142,17618,80,9791124133767,2026-05-08T13:59:42+09:00
2026-04-14,5,0,ALL,323,4429256,106,13571,60,9791194630753,2026-05-08T13:59:42+09:00
2026-04-14,6,0,ALL,131,2071274,147,15819,82,9791194413943,2026-05-08T13:59:42+09:00
2026-04-14,7,0,ALL,121,2132835,40,17654,111,9791194853572,2026-05-08T13:59:42+09:00
2026-04-14,8,0,ALL,85,1501374,73,18213,77,9791194616627,2026-05-08T13:59:42+09:00
2026-04-14,9,0,ALL,213,4685099,107,21831,108,9791124248171,2026-05-08T13:59:42+09:00
2026-04-14,10,0,ALL,153,2834839,95,18475,93,9791112183606,2026-05-08T13:59:42+09:00
2026-04-14,11,0,ALL,180,2449970,60,13887,26,9791159319167,2026-05-08T13:59:42+09:00
2026-04-14,12,0,ALL,81,1572202,140,19779,26,9791198754080,2026-05-08T13:59:42+09:00
2026-04-14,13,0,ALL,359,6833129,69,18987,23,9788925569543,2026-05-08T13:59:42+09:00
2026-04-14,14,0,ALL,92,1308091,122,13920,62,9791168731783,2026-05-08T13:59:42+09:00
2026-04-14,0,0,ALL,2549,45339816,1485,17787,926,9791124114322,2026-05-08T13:59:42+09:00
2026-04-15,1,0,ALL,345,7182553,41,20962,69,9791124133767,2026-05-08T13:59:42+09:00
2026-04-15,2,0,ALL,307,5438738,66,17704,24,9791189203740,2026-05-08T13:59:42+09:00
2026-04-15,3,0,ALL,129,2558954,171,19535,105,9788925588735,2026-05-08T13:59:42+09:00
2026-04-15,4,0,ALL,247,4637555,140,18800,62,9791139728002,2026-05-08T13:59:42+09:00
2026-04-15,5,0,ALL,237,3793519,170,15894,115,9788991341043,2026-05-08T13:59:42+09:00
2026-04-15,6,0,ALL,217,2984415,61,13572,58,9791193937990,2026-05-08T13:59:42+09:00
2026-04-15,7,0,ALL,218,4454656,173,20441,93,9788931505238,2026-05-08T13:59:42+09:00
2026-04-15,8,0,ALL,105,1531733,106,14752,78,9791169087223,2026-05-08T13:59:42+09:00
2026-04-15,9,0,ALL,161,2114810,72,13019,27,9791124274750,2026-05-08T13:59:42+09:00
2026-04-15,10,0,ALL,313,4680205,63,15059,88,9791194812104,2026-05-08T13:59:42+09:00
2026-04-15,11,0,ALL,304,4830813,81,15753,67,9788954696357,2026-05-08T13:59:42+09:00
2026-04-15,12,0,ALL,329,6401608,116,19516,79,9788960909861,2026-05-08T13:59:42+09:00
2026-04-15,13,0,ALL,241,4609827,50,19259,77,9791143025715,2026-05-08T13:59:42+09:00
2026-04-15,14,0,ALL,349,7114435,157,20325,77,9791112180414,2026-05-08T13:59:42+09:00
2026-04-15,0,0,ALL,3502,62333821,1467,17799,1000,9791169087247,2026-05-08T13:59:42+09:00
2026-04-16,1,0,ALL,342,6109193,172,17818,80,9788937456107,2026-05-08T13:59:42+09:00
2026-04-16,2,0,ALL,108,1530837,149,14402,51,9791175780170,2026-05-08T13:59:42+09:00
2026-04-16,3,0,ALL,361,7863576,83,21841,105,9788930104272,2026-05-08T13:59:42+09:00
2026-04-16,4,0,ALL,328,7103414,85,21580,80,9791161952642,2026-05-08T13:59:42+09:00
2026-04-16,5,0,ALL,350,6300828,135,18024,68,9791112180216,2026-05-08T13:59:42+09:00
2026-04-16,6,0,ALL,90,1521236,157,16659,66,9791199383074,2026-05-08T13:59:42+09:00
2026-04-16,7,0,ALL,200,3742051,137,18899,98,9791168874534,2026-05-08T13:59:42+09:00
2026-04-16,8,0,ALL,299,4754593,51,15978,25,9791112183606,2026-05-08T13:59:42+09:00
2026-04-16,9,0,ALL,255,4821146,66,19045,89,9791112157096,2026-05-08T13:59:42+09:00
2026-04-16,10,0,ALL,202,3110344,102,15316,51,9788955969474,2026-05-08T13:59:42+09:00
2026-04-16,11,0,ALL,187,3638636,138,19723,90,9791161826431,2026-05-08T13:59:42+09:00
2026-04-16,12,0,ALL,255,4467936,54,17547,112,9791142342103,2026-05-08T13:59:42+09:00
2026-04-16,13,0,ALL,158,3281490,165,20785,94,9791194322245,2026-05-08T13:59:42+09:00
2026-04-16,14,0,ALL,221,3930241,93,17570,44,9791124128565,2026-05-08T13:59:42+09:00
2026-04-16,0,0,ALL,3356,62175521,1587,18526,1000,9791124516034,2026-05-08T13:59:42+09:00
2026-04-17,1,0,ALL,136,1896344,46,14023,65,9791138857758,2026-05-08T13:59:42+09:00
2026-04-17,2,0,ALL,220,3446851,169,15701,92,9788937454769,2026-05-08T13:59:42+09:00
2026-04-17,3,0,ALL,124,1859947,174,14882,80,9788927881612,2026-05-08T13:59:42+09:00
2026-04-17,4,0,ALL,187,2885536,99,15363,50,9791112180278,2026-05-08T13:59:42+09:00
2026-04-17,5,0,ALL,85,1575194,156,18092,56,9791124121092,2026-05-08T13:59:42+09:00
2026-04-17,6,0,ALL,115,1538612,84,13154,114,9791142350283,2026-05-08T13:59:42+09:00
2026-04-17,7,0,ALL,371,6657021,70,17839,117,9791199438347,2026-05-08T13:59:42+09:00
2026-04-17,8,0,ALL,300,4827853,141,15989,73,9791143026040,2026-05-08T13:59:42+09:00
2026-04-17,9,0,ALL,327,5809446,152,17699,23,9791194383970,2026-05-08T13:59:42+09:00
2026-04-17,10,0,ALL,155,2859650,140,18163,97,9788983873811,2026-05-08T13:59:42+09:00
2026-04-17,11,0,ALL,375,5349533,54,14340,94,9788903361879,2026-05-08T13:59:42+09:00
2026-04-17,12,0,ALL,171,3369820,149,19933,48,9791168231283,2026-05-08T13:59:42+09:00
2026-04-17,13,0,ALL,301,6192969,160,20559,23,9791173323027,2026-05-08T13:59:42+09:00
2026-04-17,14,0,ALL,284,4547085,57,15835,85,9791176212144,2026-05-08T13:59:42+09:00
2026-04-17,0,0,ALL,3151,52815861,1651,16761,1000,9791143026156,2026-05-08T13:59:42+09:00
2026-04-18,1,0,ALL,198,4096665,46,20797,81,9788956054865,2026-05-08T13:59:42+09:00
2026-04-18,2,0,ALL,299,4798714,152,16178,51,9791175982895,2026-05-08T13:59:42+09:00
2026-04-18,3,0,ALL,320,5306128,161,16605,110,9791143026095,2026-05-08T13:59:42+09:00
2026-04-18,4,0,ALL,86,1608118,174,18553,106,9791167742063,2026-05-08T13:59:42+09:00
2026-04-18,5,0,ALL,339,5153017,114,15130,36,9791196895959,2026-05-08T13:59:42+09:00
2026-04-18,6,0,ALL,168,2439384,89,14454,110,9791199855502,2026-05-08T13:59:42+09:00
2026-04-18,7,0,ALL,312,6818704,167,21939,119,9791112185372,2026-05-08T13:59:42+09:00
2026-04-18,8,0,ALL,270,4100476,63,15079,40,9788928783137,2026-05-08T13:59:42+09:00
2026-04-18,9,0,ALL,309,4195440,76,13592,51,9791175484290,2026-05-08T13:59:42+09:00
2026-04-18,10,0,ALL,99,1521974,143,15853,110,9791173559303,2026-05-08T13:59:42+09:00
2026-04-18,11,0,ALL,323,4846847,119,15043,39,9791112181862,2026-05-08T13:59:42+09:00
2026-04-18,12,0,ALL,195,3201234,70,16645,43,9791143025838,2026-05-08T13:59:42+09:00
2026-04-18,13,0,ALL,215,4386970,115,20220,37,9788937449338,2026-05-08T13:59:42+09:00
2026-04-18,14,0,ALL,238,4729163,152,20050,110,9791187142379,2026-05-08T13:59:42+09:00
2026-04-18,0,0,ALL,3371,57202834,1641,16969,1000,9788936411725,2026-05-08T13:59:42+09:00
2026-04-19,1,0,ALL,144,2545182,100,17648,85,9791199420854,2026-05-08T13:59:42+09:00
2026-04-19,2,0,ALL,164,3420677,94,20699,64,9791190669764,2026-05-08T13:59:42+09:00
2026-04-19,3,0,ALL,367,7790267,58,21354,71,9791124110218,2026-05-08T13:59:42+09:00
2026-04-19,4,0,ALL,319,4980751,53,15477,70,9791112180278,2026-05-08T13:59:42+09:00
2026-04-19,5,0,ALL,99,1974329,66,19867,51,9791194630456,2026-05-08T13:59:42+09:00
2026-04-19,6,0,ALL,349,5976923,58,17221,33,9791193674406,2026-05-08T13:59:42+09:00
2026-04-19,7,0,ALL,135,1841225,57,13995,46,9791194280781,2026-05-08T13:59:42+09:00
2026-04-19,8,0,ALL,355,5095989,72,14459,35,9791173578816,2026-05-08T13:59:42+09:00
2026-04-19,9,0,ALL,300,5883931,82,19712,30,9788932925349,2026-05-08T13:59:42+09:00
2026-04-19,10,0,ALL,188,3437880,106,18392,85,9791173324123,2026-05-08T13:59:42+09:00
2026-04-19,11,0,ALL,371,6182345,176,16645,48,9791124274736,2026-05-08T13:59:42+09:00
2026-04-19,12,0,ALL,91,1798568,69,19744,71,9788936481247,2026-05-08T13:59:42+09:00
2026-04-19,13,0,ALL,235,3436024,158,14594,77,9791194330424,2026-05-08T13:59:42+09:00
2026-04-19,14,0,ALL,254,4668519,86,18510,39,9791198547514,2026-05-08T13:59:42+09:00
2026-04-19,0,0,ALL,3371,59032610,1235,17511,805,9788931576177,2026-05-08T13:59:42+09:00
2026-04-20,1,0,ALL,317,6861664,175,21596,115,9791124121092,2026-05-08T13:59:42+09:00
2026-04-20,2,0,ALL,140,2707014,140,19056,102,9788925569482,2026-05-08T13:59:42+09:00
2026-04-20,3,0,ALL,342,4598643,127,13576,70,9791173579738,2026-05-08T13:59:42+09:00
2026-04-20,4,0,ALL,278,5804017,165,20970,86,9791191197631,2026-05-08T13:59:42+09:00
2026-04-20,5,0,ALL,233,3829196,80,16278,95,9788976243591,2026-05-08T13:59:42+09:00
2026-04-20,6,0,ALL,323,6196379,41,19206,21,9791194591627,2026-05-08T13:59:42+09:00
2026-04-20,7,0,ALL,86,1312284,103,14688,84,9791190533751,2026-05-08T13:59:42+09:00
2026-04-20,8,0,ALL,161,2153653,49,13548,112,9791197318955,2026-05-08T13:59:42+09:00
2026-04-20,9,0,ALL,270,5525368,164,20317,45,9791171521364,2026-05-08T13:59:42+09:00
2026-04-20,10,0,ALL,317,4209384,142,13202,87,9788949162690,2026-05-08T13:59:42+09:00
2026-04-20,11,0,ALL,285,5535543,102,19467,58,9788901288451,2026-05-08T13:59:42+09:00
2026-04-20,12,0,ALL,211,3950761,161,18748,99,9791189282936,2026-05-08T13:59:42+09:00
2026-04-20,13,0,ALL,251,3695317,162,14730,105,9791173324123,2026-05-08T13:59:42+09:00
2026-04-20,14,0,ALL,286,5756145,70,20041,89,9788931505290,2026-05-08T13:59:42+09:00
2026-04-20,0,0,ALL,3500,62135368,1681,17752,1000,9791194100133,2026-05-08T13:59:42+09:00
2026-04-21,1,0,ALL,161,2734357,48,16694,67,9791141601300,2026-05-08T13:59:42+09:00
2026-04-21,2,0,ALL,328,5972533,72,18088,72,9791190499804,2026-05-08T13:59:42+09:00
2026-04-21,3,0,ALL,169,2571379,82,15388,66,9791141183264,2026-05-08T13:59:42+09:00
2026-04-21,4,0,ALL,290,5702661,51,19794,44,9791158366087,2026-05-08T13:59:42+09:00
2026-04-21,5,0,ALL,177,2435493,74,13701,25,9791192549668,2026-05-08T13:59:42+09:00
2026-04-21,6,0,ALL,242,3647242,179,14867,94,9791174171559,2026-05-08T13:59:42+09:00
2026-04-21,7,0,ALL,158,2933107,69,18653,109,9791139730937,2026-05-08T13:59:42+09:00
2026-04-21,8,0,ALL,276,5688046,155,20431,101,9791197318955,2026-05-08T13:59:42+09:00
2026-04-21,9,0,ALL,81,1720550,171,21780,66,9791194530916,2026-05-08T13:59:42+09:00
2026-04-21,10,0,ALL,285,6206552,43,21810,73,9791142342103,2026-05-08T13:59:42+09:00
2026-04-21,11,0,ALL,345,5831982,72,16934,35,9788976243577,2026-05-08T13:59:42+09:00
2026-04-21,12,0,ALL,246,5059191,136,20653,107,9791171210404,2026-05-08T13:59:42+09:00
2026-04-21,13,0,ALL,316,6058907,119,19088,77,9791138857758,2026-05-08T13:59:42+09:00
2026-04-21,14,0,ALL,310,4477464,130,14332,54,9791199826601,2026-05-08T13:59:42+09:00
2026-04-21,0,0,ALL,3384,61039464,1401,18037,990,9791175910393,2026-05-08T13:59:42+09:00
2026-04-22,1,0,ALL,349,4802795,72,13830,77,9791198121394,2026-05-08T13:59:42+09:00
2026-04-22,2,0,ALL,276,5986583,121,21696,95,9791112181176,2026-05-08T13:59:42+09:00
2026-04-22,3,0,ALL,131,1967238,126,15020,99,9791174171542,2026-05-08T13:59:42+09:00
2026-04-22,4,0,ALL,226,4828631,150,21437,28,9791194687467,2026-05-08T13:59:42+09:00
2026-04-22,5,0,ALL,216,3145990,132,14766,96,9791194616627,2026-05-08T13:59:42+09:00
2026-04-22,6,0,ALL,162,2933199,172,17982,79,9791193941645,2026-05-08T13:59:42+09:00
2026-04-22,7,0,ALL,155,3220769,134,20959,38,9791139730395,2026-05-08T13:59:42+09:00
2026-04-22,8,0,ALL,371,6406588,180,17201,119,9791124128565,2026-05-08T13:59:42+09:00
2026-04-22,9,0,ALL,131,2255497,161,17171,89,9791143025685,2026-05-08T13:59:42+09:00
2026-04-22,10,0,ALL,206,3414896,85,16349,99,9791192624419,2026-05-08T13:59:42+09:00
2026-04-22,11,0,ALL,90,1131117,47,13107,42,9791199747302,2026-05-08T13:59:42+09:00
2026-04-22,12,0,ALL,333,6010829,138,18096,55,9791112182685,2026-05-08T13:59:42+09:00
2026-04-22,13,0,ALL,218,3696597,130,16774,114,9791197437373,2026-05-08T13:59:42+09:00
2026-04-22,14,0,ALL,226,4286193,142,18913,31,9791194353492,2026-05-08T13:59:42+09:00
2026-04-22,0,0,ALL,3090,54086922,1790,17503,1000,9791124133767,2026-05-08T13:59:42+09:00
2026-04-23,1,0,ALL,256,5167505,166,20165,117,9791124087770,2026-05-08T13:59:42+09:00
2026-04-23,2,0,ALL,227,3519079,75,15363,64,9791162540640,2026-05-08T13:59:42+09:00
2026-04-23,3,0,ALL,214,3529368,148,16396,78,9791112185754,2026-05-08T13:59:42+09:00
2026-04-23,4,0,ALL,343,6973401,115,20459,64,9788953152847,2026-05-08T13:59:42+09:00
2026-04-23,5,0,ALL,324,4361891,64,13522,84,9791191848380,2026-05-08T13:59:42+09:00
2026-04-23,6,0,ALL,85,1823125,145,21862,45,9791173579486,2026-05-08T13:59:42+09:00
2026-04-23,7,0,ALL,315,6078524,75,19423,69,9791143025685,2026-05-08T13:59:42+09:00
2026-04-23,8,0,ALL,329,6396162,49,19580,79,9788934991328,2026-05-08T13:59:42+09:00
2026-04-23,9,0,ALL,92,1294003,40,14129,118,9791198740748,2026-05-08T13:59:42+09:00
2026-04-23,10,0,ALL,169,3612200,53,21366,120,9791157848775,2026-05-08T13:59:42+09:00
2026-04-23,11,0,ALL,89,1450906,73,15981,69,9791176212137,2026-05-08T13:59:42+09:00
2026-04-23,12,0,ALL,232,3479345,150,14869,74,9791174171634,2026-05-08T13:59:42+09:00
2026-04-23,13,0,ALL,178,2873856,48,16034,102,9788976243577,2026-05-08T13:59:42+09:00
2026-04-23,14,0,ALL,273,5321652,167,19456,46,9791173966491,2026-05-08T13:59:42+09:00
2026-04-23,0,0,ALL,3126,55881017,1368,17876,1000,9791194273387,2026-05-08T13:59:42+09:00
2026-04-24,1,0,ALL,303,5704203,174,18771,60,9791193200810,2026-05-08T13:59:42+09:00
2026-04-24,2,0,ALL,325,6097171,159,18608,86,9791112169679,2026-05-08T13:59:42+09:00
2026-04-24,3,0,ALL,170,2480113,102,14653,59,9791139730937,2026-05-08T13:59:42+09:00
2026-04-24,4,0,ALL,237,3842488,173,16258,114,9788937464799,2026-05-08T13:59:42+09:00
2026-04-24,5,0,ALL,125,2325911,151,18421,98,9791188941896,2026-05-08T13:59:42+09:00
2026-04-24,6,0,ALL,156,3334447,154,21599,109,9788962626605,2026-05-08T13:59:42+09:00
2026-04-24,7,0,ALL,334,7001549,49,21089,38,9791191731859,2026-05-08T13:59:42+09:00
2026-04-24,8,0,ALL,222,4277201,87,19413,25,9791161111605,2026-05-08T13:59:42+09:00
2026-04-24,9,0,ALL,141,1878104,170,13582,42,9791190533843,2026-05-08T13:59:42+09:00
2026-04-24,10,0,ALL,190,3669236,127,19200,51,9791197437311,2026-05-08T13:59:42+09:00
2026-04-24,11,0,ALL,295,4892259,144,16539,74,9791173578410,2026-05-08T13:59:42+09:00
2026-04-24,12,0,ALL,189,2497577,176,13135,34,9791112181138,2026-05-08T13:59:42+09:00
2026-04-24,13,0,ALL,98,1479728,107,14859,80,9791167372864,2026-05-08T13:59:42+09:00
2026-04-24,14,0,ALL,276,5971867,54,21643,109,9791171311774,2026-05-08T13:59:42+09:00
2026-04-24,0,0,ALL,3061,55451854,1827,18115,979,9791158682965,2026-05-08T13:59:42+09:00
2026-04-25,1,0,ALL,314,4605709,136,14555,66,9791112183958,2026-05-08T13:59:42+09:00
2026-04-25,2,0,ALL,315,5292537,133,16658,85,9791198758378,2026-05-08T13:59:42+09:00
2026-04-25,3,0,ALL,142,2083214,47,14836,54,9791173579486,2026-05-08T13:59:42+09:00
2026-04-25,4,0,ALL,337,6858743,97,20226,90,9791143025661,2026-05-08T13:59:42+09:00
2026-04-25,5,0,ALL,334,6971766,125,20928,28,9791190885621,2026-05-08T13:59:42+09:00
2026-04-25,6,0,ALL,319,7001145,174,21824,110,9791173579738,2026-05-08T13:59:42+09:00
2026-04-25,7,0,ALL,82,1747775,102,21570,20,9791174190505,2026-05-08T13:59:42+09:00
2026-04-25,8,0,ALL,116,1937194,107,16406,112,9791190593373,2026-05-08T13:59:42+09:00
2026-04-25,9,0,ALL,209,4433942,175,21139,51,9788964965474,2026-05-08T13:59:42+09:00
2026-04-25,10,0,ALL,117,1567388,77,13137,110,9791173966491,2026-05-08T13:59:42+09:00
2026-04-25,11,0,ALL,198,2540205,148,13060,28,9791197318955,2026-05-08T13:59:42+09:00
2026-04-25,12,0,ALL,270,4549025,72,16708,63,9791199723115,2026-05-08T13:59:42+09:00
2026-04-25,13,0,ALL,269,3835414,58,14125,88,9791112184641,2026-05-08T13:59:42+09:00
2026-04-25,14,0,ALL,150,3078758,128,20344,40,9791175487802,2026-05-08T13:59:42+09:00
2026-04-25,0,0,ALL,3172,56502815,1579,17812,945,9788991799561,2026-05-08T13:59:42+09:00
2026-04-26,1,0,ALL,288,6114700,134,21394,103,9788934981213,2026-05-08T13:59:42+09:00
2026-04-26,2,0,ALL,122,2306743,104,18687,28,9791112186898,2026-05-08T13:59:42+09:00
2026-04-26,3,0,ALL,257,4000895,131,15698,24,9791124490082,2026-05-08T13:59:42+09:00
2026-04-26,4,0,ALL,345,6461954,104,18772,54,9791175790544,2026-05-08T13:59:42+09:00
2026-04-26,5,0,ALL,118,2390332,61,20370,106,9791143026163,2026-05-08T13:59:42+09:00
2026-04-26,6,0,ALL,339,5400982,64,15925,90,9788931505290,2026-05-08T13:59:42+09:00
2026-04-26,7,0,ALL,115,1658673,118,14206,20,9788936425357,2026-05-08T13:59:42+09:00
2026-04-26,8,0,ALL,237,5196270,132,21847,107,9791175910218,2026-05-08T13:59:42+09:00
2026-04-26,9,0,ALL,147,2485225,171,16838,39,9791167742827,2026-05-08T13:59:42+09:00
2026-04-26,10,0,ALL,170,2801573,74,16277,73,9791199095267,2026-05-08T13:59:42+09:00
2026-04-26,11,0,ALL,123,2299561,55,18884,43,9791124274729,2026-05-08T13:59:42+09:00
2026-04-26,12,0,ALL,217,4415142,106,20542,44,9791192745879,2026-05-08T13:59:42+09:00
2026-04-26,13,0,ALL,195,3812177,120,19431,22,9788996187455,2026-05-08T13:59:42+09:00
2026-04-26,14,0,ALL,98,1904313,64,18945,71,9788962632729,2026-05-08T13:59:42+09:00
2026-04-26,0,0,ALL,2771,51248540,1438,18494,824,9791141184315,2026-05-08T13:59:42+09:00
2026-04-27,1,0,ALL,370,6753513,158,18219,25,9791138857789,2026-05-08T13:59:42+09:00
2026-04-27,2,0,ALL,339,6020775,54,17781,63,9791167376565,2026-05-08T13:59:42+09:00
2026-04-27,3,0,ALL,377,5694345,101,15228,120,9788934981213,2026-05-08T13:59:42+09:00
2026-04-27,4,0,ALL,326,5364377,78,16559,61,9788954696357,2026-05-08T13:59:42+09:00
2026-04-27,5,0,ALL,237,4460531,45,18659,67,9791124248171,2026-05-08T13:59:42+09:00
2026-04-27,6,0,ALL,170,3728705,98,21970,76,9791168874534,2026-05-08T13:59:42+09:00
2026-04-27,7,0,ALL,236,3836136,151,16428,68,9791168274389,2026-05-08T13:59:42+09:00
2026-04-27,8,0,ALL,174,2786365,147,16098,99,9791173743900,2026-05-08T13:59:42+09:00
2026-04-27,9,0,ALL,278,4279070,60,15508,106,9791155819227,2026-05-08T13:59:42+09:00
2026-04-27,10,0,ALL,247,5371937,76,21855,117,9791190669757,2026-05-08T13:59:42+09:00
2026-04-27,11,0,ALL,219,3125717,52,14404,33,9791166688768,2026-05-08T13:59:42+09:00
2026-04-27,12,0,ALL,371,6505751,82,17412,44,9788937461576,2026-05-08T13:59:42+09:00
2026-04-27,13,0,ALL,216,4135261,109,18975,30,8800319843945,2026-05-08T13:59:42+09:00
2026-04-27,14,0,ALL,211,2926601,80,14036,36,9788966552009,2026-05-08T13:59:42+09:00
2026-04-27,0,0,ALL,3771,64989084,1291,17233,945,9788972972082,2026-05-08T13:59:42+09:00
2026-04-28,1,0,ALL,146,2224499,98,15540,51,9791194273387,2026-05-08T13:59:42+09:00
2026-04-28,2,0,ALL,187,3813694,109,20473,86,9791130696065,2026-05-08T13:59:42+09:00
2026-04-28,3,0,ALL,344,4768946,96,13807,42,9791112186720,2026-05-08T13:59:42+09:00
2026-04-28,4,0,ALL,272,5731203,101,21036,96,9791199703124,2026-05-08T13:59:42+09:00
2026-04-28,5,0,ALL,244,4093959,127,16683,66,9791173324123,2026-05-08T13:59:42+09:00
2026-04-28,6,0,ALL,326,6722810,87,20590,80,9791175132368,2026-05-08T13:59:42+09:00
2026-04-28,7,0,ALL,173,3644076,166,21213,103,9791176430067,2026-05-08T13:59:42+09:00
2026-04-28,8,0,ALL,212,2864050,158,13537,107,9791167072351,2026-05-08T13:59:42+09:00
2026-04-28,9,0,ALL,136,2358769,121,17568,20,9791194383871,2026-05-08T13:59:42+09:00
2026-04-28,10,0,ALL,231,3890955,65,16635,35,9791175772656,2026-05-08T13:59:42+09:00
2026-04-28,11,0,ALL,221,4045562,115,18295,119,9788928783137,2026-05-08T13:59:42+09:00
2026-04-28,12,0,ALL,131,1755189,84,13414,115,9791143025562,2026-05-08T13:59:42+09:00
2026-04-28,13,0,ALL,218,3184402,175,14634,91,9791141602376,2026-05-08T13:59:42+09:00
2026-04-28,14,0,ALL,376,6157301,140,16258,31,9791140718368,2026-05-08T13:59:42+09:00
2026-04-28,0,0,ALL,3217,55255415,1642,17176,1000,9788937454769,2026-05-08T13:59:42+09:00
2026-04-29,1,0,ALL,187,2476559,78,13366,33,9791143026491,2026-05-08T13:59:42+09:00
2026-04-29,2,0,ALL,172,2622571,75,15119,47,9791169851206,2026-05-08T13:59:42+09:00
2026-04-29,3,0,ALL,343,5189340,163,15155,44,9791191131307,2026-05-08T13:59:42+09:00
2026-04-29,4,0,ALL,98,1349040,70,14247,71,9791112172228,2026-05-08T13:59:42+09:00
2026-04-29,5,0,ALL,356,5020005,124,14134,64,9788996187455,2026-05-08T13:59:42+09:00
2026-04-29,6,0,ALL,272,5000238,142,18375,24,9791194533306,2026-05-08T13:59:42+09:00
2026-04-29,7,0,ALL,164,2198908,97,13435,89,9788934942467,2026-05-08T13:59:42+09:00
2026-04-29,8,0,ALL,220,3540082,110,15960,47,9791176212151,2026-05-08T13:59:42+09:00
2026-04-29,9,0,ALL,104,1887736,117,18116,43,9788998441074,2026-05-08T13:59:42+09:00
2026-04-29,10,0,ALL,102,1953941,162,19544,64,9791155644331,2026-05-08T13:59:42+09:00
2026-04-29,11,0,ALL,200,2854957,93,14257,105,9791112186690,2026-05-08T13:59:42+09:00
2026-04-29,12,0,ALL,215,3331769,121,15489,45,9791112187017,2026-05-08T13:59:42+09:00
2026-04-29,13,0,ALL,193,4155967,104,21679,74,9791112186867,2026-05-08T13:59:42+09:00
2026-04-29,14,0,ALL,207,3488705,127,16957,119,9788995501443,2026-05-08T13:59:42+09:00
2026-04-29,0,0,ALL,2833,45069818,1583,15908,869,9791175790421,2026-05-08T13:59:42+09:00
2026-04-30,1,0,ALL,130,2586468,123,19748,56,9791124038338,2026-05-08T13:59:42+09:00
2026-04-30,2,0,ALL,176,3516755,72,20195,101,9791139729399,2026-05-08T13:59:42+09:00
2026-04-30,3,0,ALL,223,3283502,172,14502,87,9791112181602,2026-05-08T13:59:42+09:00
2026-04-30,4,0,ALL,137,2496285,153,18477,81,9791168874541,2026-05-08T13:59:42+09:00
2026-04-30,5,0,ALL,290,6238791,118,21414,77,9791175780170,2026-05-08T13:59:42+09:00
2026-04-30,6,0,ALL,97,2024201,170,20607,39,9791143025715,2026-05-08T13:59:42+09:00
2026-04-30,7,0,ALL,256,4022630,117,15811,92,9791174671462,2026-05-08T13:59:42+09:00
2026-04-30,8,0,ALL,350,7255801,165,20641,69,9791193282724,2026-05-08T13:59:42+09:00
2026-04-30,9,0,ALL,148,3164975,180,21241,54,9791112184641,2026-05-08T13:59:42+09:00
2026-04-30,10,0,ALL,144,1992679,177,13784,56,9791194413455,2026-05-08T13:59:42+09:00
2026-04-30,11,0,ALL,233,4548984,51,19451,27,9791199327856,2026-05-08T13:59:42+09:00
2026-04-30,12,0,ALL,127,2316540,172,18580,108,9788925572765,2026-05-08T13:59:42+09:00
2026-04-30,13,0,ALL,197,3049494,67,15594,97,9791140718672,2026-05-08T13:59:42+09:00
2026-04-30,14,0,ALL,89,1194101,121,13244,87,9791189327156,2026-05-08T13:59:42+09:00
2026-04-30,0,0,ALL,2597,47691206,1858,18363,1000,9791112185808,2026-05-08T13:59:42+09:00
2026-05-01,1,0,ALL,347,7158238,131,20525,55,9788901288451,2026-05-08T13:59:42+09:00
2026-05-01,2,0,ALL,87,1395330,94,15470,26,9791173578823,2026-05-08T13:59:42+09:00
2026-05-01,3,0,ALL,307,5570315,141,18118,119,9791112178183,2026-05-08T13:59:42+09:00
2026-05-01,4,0,ALL,82,1505490,149,18446,43,9791198096289,2026-05-08T13:59:42+09:00
2026-05-01,5,0,ALL,117,1683412,163,14090,72,9791173479946,2026-05-08T13:59:42+09:00
2026-05-01,6,0,ALL,198,3723640,98,18908,66,9788978141444,2026-05-08T13:59:42+09:00
2026-05-01,7,0,ALL,330,6124300,145,18409,64,9791112182067,2026-05-08T13:59:42+09:00
2026-05-01,8,0,ALL,290,3851093,83,13445,78,9791192307237,2026-05-08T13:59:42+09:00
2026-05-01,9,0,ALL,375,8221880,41,21999,68,9791199837829,2026-05-08T13:59:42+09:00
2026-05-01,10,0,ALL,110,2178765,161,19992,35,9791175110120,2026-05-08T13:59:42+09:00
2026-05-01,11,0,ALL,194,3453382,107,17958,103,9791199798601,2026-05-08T13:59:42+09:00
2026-05-01,12,0,ALL,316,5124125,69,16362,20,9791194728344,2026-05-08T13:59:42+09:00
2026-05-01,13,0,ALL,341,7321142,158,21366,30,9791169851626,2026-05-08T13:59:42+09:00
2026-05-01,14,0,ALL,361,7405853,157,20590,61,9788931477436,2026-05-08T13:59:42+09:00
2026-05-01,0,0,ALL,3455,64716965,1697,18731,840,9788979294675,2026-05-08T13:59:42+09:00
2026-05-02,1,0,ALL,110,1435898,146,13189,99,9791130676357,2026-05-08T13:59:42+09:00
2026-05-02,2,0,ALL,117,2028150,114,17751,102,9788970871745,2026-05-08T13:59:42+09:00
2026-05-02,3,0,ALL,86,1493771,117,17454,74,9791199836549,2026-05-08T13:59:42+09:00
2026-05-02,4,0,ALL,308,4300519,124,13933,72,9791142342103,2026-05-08T13:59:42+09:00
2026-05-02,5,0,ALL,184,2669859,100,14299,110,9788932924984,2026-05-08T13:59:42+09:00
2026-05-02,6,0,ALL,110,2110399,93,19299,80,9791168731776,2026-05-08T13:59:42+09:00
2026-05-02,7,0,ALL,116,1530633,173,13462,92,9791199730229,2026-05-08T13:59:42+09:00
2026-05-02,8,0,ALL,354,5631851,46,15907,34,9791141615055,2026-05-08T13:59:42+09:00
2026-05-02,9,0,ALL,96,1493721,171,15809,79,9791124105078,2026-05-08T13:59:42+09:00
2026-05-02,10,0,ALL,284,5385951,119,18823,37,9791173262487,2026-05-08T13:59:42+09:00
2026-05-02,11,0,ALL,276,5638890,125,20445,23,9791199749993,2026-05-08T13:59:42+09:00
2026-05-02,12,0,ALL,333,6049146,73,18167,86,9791163931898,2026-05-08T13:59:42+09:00
2026-05-02,13,0,ALL,256,5265401,62,20706,57,9791172101916,2026-05-08T13:59:42+09:00
2026-05-02,14,0,ALL,137,2721264,106,20128,87,9772733432007,2026-05-08T13:59:42+09:00
2026-05-02,0,0,ALL,2767,47755453,1569,17258,1000,9791199836556,2026-05-08T13:59:42+09:00
2026-05-03,1,0,ALL,257,4649322,124,18078,107,9791175772717,2026-05-08T13:59:42+09:00
2026-05-03,2,0,ALL,373,7441891,143,19930,101,9788976243614,2026-05-08T13:59:42+09:00
2026-05-03,3,0,ALL,309,4148703,41,13375,103,9791112180872,2026-05-08T13:59:42+09:00
2026-05-03,4,0,ALL,276,5266888,100,19149,87,9788968335365,2026-05-08T13:59:42+09:00
2026-05-03,5,0,ALL,131,2108777,70,15752,79,9788960179110,2026-05-08T13:59:42+09:00
2026-05-03,6,0,ALL,179,3707860,175,20887,120,9791169087223,2026-05-08T13:59:42+09:00
2026-05-03,7,0,ALL,108,1871099,124,16979,43,9791173966491,2026-05-08T13:59:42+09:00
2026-05-03,8,0,ALL,147,2273766,95,15199,65,9791112172228,2026-05-08T13:59:42+09:00
2026-05-03,9,0,ALL,305,5015732,102,16440,118,9791112183958,2026-05-08T13:59:42+09:00
2026-05-03,10,0,ALL,288,4892285,150,16837,24,9791124274699,2026-05-08T13:59:42+09:00
2026-05-03,11,0,ALL,347,6378519,118,18409,25,9791158526368,2026-05-08T13:59:42+09:00
2026-05-03,12,0,ALL,123,1932834,155,15789,57,9791124205259,2026-05-08T13:59:42+09:00
2026-05-03,13,0,ALL,273,5046522,111,18305,63,9791112182463,2026-05-08T13:59:42+09:00
2026-05-03,14,0,ALL,190,3178382,93,16883,50,9791124121092,2026-05-08T13:59:42+09:00
2026-05-03,0,0,ALL,3306,57912580,1601,17517,1000,9791143025784,2026-05-08T13:59:42+09:00
2026-05-04,1,0,ALL,223,4316457,177,19364,58,9791199269583,2026-05-08T13:59:42+09:00
2026-05-04,2,0,ALL,295,4139275,91,13866,119,9791172134129,2026-05-08T13:59:42+09:00
2026-05-04,3,0,ALL,260,3711980,176,14350,45,9791142347870,2026-05-08T13:59:42+09:00
2026-05-04,4,0,ALL,204,3418227,169,16513,79,9791168031234,2026-05-08T13:59:42+09:00
2026-05-04,5,0,ALL,325,5356198,123,16461,21,9791191521504,2026-05-08T13:59:42+09:00
2026-05-04,6,0,ALL,85,1594225,67,19069,102,9788947502658,2026-05-08T13:59:42+09:00
2026-05-04,7,0,ALL,165,3456485,60,21215,39,9791112186935,2026-05-08T13:59:42+09:00
2026-05-04,8,0,ALL,174,3543325,94,20078,79,9791199730229,2026-05-08T13:59:42+09:00
2026-05-04,9,0,ALL,324,4902090,154,15198,114,9791143025784,2026-05-08T13:59:42+09:00
2026-05-04,10,0,ALL,91,1520082,85,16420,41,9791174171597,2026-05-08T13:59:42+09:00
2026-05-04,11,0,ALL,379,7836523,139,20799,71,9791199489530,2026-05-08T13:59:42+09:00
2026-05-04,12,0,ALL,184,2773058,117,15202,109,9791176270380,2026-05-08T13:59:42+09:00
2026-05-04,13,0,ALL,139,2594137,40,18524,120,9791197437304,2026-05-08T13:59:42+09:00
2026-05-04,14,0,ALL,103,1315260,160,13208,88,9788936449438,2026-05-08T13:59:42+09:00
2026-05-04,0,0,ALL,2951,50477322,1652,17105,1000,9791187142379,2026-05-08T13:59:42+09:00
2026-05-05,1,0,ALL,226,4159476,164,18258,61,9791169851893,2026-05-08T13:59:42+09:00
2026-05-05,2,0,ALL,85,1822739,93,21792,45,9791193780282,2026-05-08T13:59:42+09:00
2026-05-05,3,0,ALL,116,2223607,100,19121,56,9791112182159,2026-05-08T13:59:42+09:00
2026-05-05,4,0,ALL,219,3429706,47,15784,25,9791193153710,2026-05-08T13:59:42+09:00
2026-05-05,5,0,ALL,324,6039956,144,18512,91,9791187468370,2026-05-08T13:59:42+09:00
2026-05-05,6,0,ALL,242,4719425,155,19375,68,9788937460364,2026-05-08T13:59:42+09:00
2026-05-05,7,0,ALL,310,5599826,179,17992,95,9788936439934,2026-05-08T13:59:42+09:00
2026-05-05,8,0,ALL,375,6463352,45,17225,89,9788960909861,2026-05-08T13:59:42+09:00
2026-05-05,9,0,ALL,344,5537784,134,16041,81,9791176270380,2026-05-08T13:59:42+09:00
2026-05-05,10,0,ALL,153,2839125,45,18589,117,9791192554167,2026-05-08T13:59:42+09:00
2026-05-05,11,0,ALL,283,5302108,149,18775,56,9791193780282,2026-05-08T13:59:42+09:00
2026-05-05,12,0,ALL,208,3958493,64,18943,100,9791175132368,2026-05-08T13:59:42+09:00
2026-05-05,13,0,ALL,149,2504876,43,17011,61,9788936438029,2026-05-08T13:59:42+09:00
2026-05-05,14,0,ALL,266,5196229,127,19427,26,9791166669270,2026-05-08T13:59:42+09:00
2026-05-05,0,0,ALL,3300,59796702,1489,18120,971,9791198243430,2026-05-08T13:59:42+09:00
2026-05-06,1,0,ALL,301,4473999,66,14966,64,9791175244412,2026-05-08T13:59:42+09:00
2026-05-06,2,0,ALL,205,2968468,128,14304,113,9791163034735,2026-05-08T13:59:42+09:00
2026-05-06,3,0,ALL,150,2304532,116,15431,106,9791174171511,2026-05-08T13:59:42+09:00
2026-05-06,4,0,ALL,103,2039164,132,19385,114,9791140718368,2026-05-08T13:59:42+09:00
2026-05-06,5,0,ALL,147,2331064,80,16132,108,9791124370704,2026-05-08T13:59:42+09:00
2026-05-06,6,0,ALL,187,2775401,156,15090,91,9791138859646,2026-05-08T13:59:42+09:00
2026-05-06,7,0,ALL,320,5158165,146,16120,51,9791112157096,2026-05-08T13:59:42+09:00
2026-05-06,8,0,ALL,267,4236087,131,15715,54,9788958214847,2026-05-08T13:59:42+09:00
2026-05-06,9,0,ALL,328,6405450,173,19537,106,9791194634737,2026-05-08T13:59:42+09:00
2026-05-06,10,0,ALL,130,2457730,66,19280,88,9791193262962,2026-05-08T13:59:42+09:00
2026-05-06,11,0,ALL,301,5055121,69,16934,51,9791164934362,2026-05-08T13:59:42+09:00
2026-05-06,12,0,ALL,223,3593971,64,16033,109,9791191521504,2026-05-08T13:59:42+09:00
2026-05-06,13,0,ALL,93,1471270,157,15850,96,9791193282762,2026-05-08T13:59:42+09:00
2026-05-06,14,0,ALL,239,5276967,171,21872,55,9791140718672,2026-05-08T13:59:42+09:00
2026-05-06,0,0,ALL,2994,50547389,1655,16882,1000,9791140714575,2026-05-08T13:59:42+09:00
2026-05-07,1,0,ALL,130,2726366,41,21014,48,9788983711892,2026-05-08T13:59:42+09:00
2026-05-07,2,0,ALL,237,3499279,59,14930,64,9791112184993,2026-05-08T13:59:42+09:00
2026-05-07,3,0,ALL,324,4252867,57,13134,35,9791141183264,2026-05-08T13:59:42+09:00
2026-05-07,4,0,ALL,166,2950652,61,17806,59,9791194084327,2026-05-08T13:59:42+09:00
2026-05-07,5,0,ALL,377,7468937,126,19902,111,9791168322608,2026-05-08T13:59:42+09:00
2026-05-07,6,0,ALL,355,7649012,167,21601,86,9791142347870,2026-05-08T13:59:42+09:00
2026-05-07,7,0,ALL,261,4971562,89,19169,103,9788983873811,2026-05-08T13:59:42+09:00
2026-05-07,8,0,ALL,265,5120277,100,19277,48,9791163144625,2026-05-08T13:59:42+09:00
2026-05-07,9,0,ALL,362,4949650,49,13671,62,9791190533751,2026-05-08T13:59:42+09:00
2026-05-07,10,0,ALL,261,5460526,50,21037,96,9791139231755,2026-05-08T13:59:42+09:00
2026-05-07,11,0,ALL,107,2310196,134,21169,31,9791112181169,2026-05-08T13:59:42+09:00
2026-05-07,12,0,ALL,154,2378049,52,15148,20,9791112182975,2026-05-08T13:59:42+09:00
2026-05-07,13,0,ALL,237,4041011,66,17159,78,9791112185372,2026-05-08T13:59:42+09:00
2026-05-07,14,0,ALL,167,2185158,86,13230,108,9788976243614,2026-05-08T13:59:42+09:00
2026-05-07,0,0,ALL,3403,59963542,1137,17620,949,9791168874558,2026-05-08T13:59:42+09:00
